id	title	description	link	image_link	availability	price	condition	brand	identifier_exists	product_type
p5	Truss Shampoo Equilibrium Scalp 300ml	Shampoo profissional Truss Equilibrium Scalp 300ml, equilibra a oleosidade do couro cabeludo e prepara pro tratamento.	https://www.lojaachadinhosbrasil.com.br/produto.html?id=p5	https://empreender.nyc3.digitaloceanspaces.com/dropi/fornecedor/produto-175440215968920d6f709e8.png	in stock	117.90 BRL	new	Achadinhos Brasil	no	Saúde e Beleza
p6	Truss Óleo Nutri Infusion 60ml	Óleo capilar Truss Nutri Infusion 60ml, finalizador nutritivo que dá brilho e reduz o frizz sem pesar no cabelo.	https://www.lojaachadinhosbrasil.com.br/produto.html?id=p6	https://empreender.nyc3.digitaloceanspaces.com/dropi/fornecedor/produto-17526736546877ad767e93e.webp	in stock	110.90 BRL	new	Achadinhos Brasil	no	Saúde e Beleza
p7	Cama Pet Atacadão Impermeável Média	Cama pet impermeável tamanho médio, forro removível e lavável — conforto pro seu cão ou gato descansar.	https://www.lojaachadinhosbrasil.com.br/produto.html?id=p7	https://dropi.xpto.app/dropi/fornecedor/produto-17846980936a6054eded393.jpg	in stock	60.90 BRL	new	Achadinhos Brasil	no	Pet Shop
p9	Brinco Orgânico Banhado a Ouro 18K	Brinco orgânico banhado a ouro 18K, design minimalista com cristal — última peça em estoque no fornecedor.	https://www.lojaachadinhosbrasil.com.br/produto.html?id=p9	https://empreender.nyc3.digitaloceanspaces.com/dropi/fornecedor/produto-177335414569b33ca15416f.jpg	in stock	88.90 BRL	new	Achadinhos Brasil	no	Joias e Acessórios
p12	Box Organizador P Color	Box organizador colorido em plástico resistente, ideal pra guardar miudezas em qualquer cômodo da casa.	https://www.lojaachadinhosbrasil.com.br/produto.html?id=p12	https://empreender.nyc3.digitaloceanspaces.com/dropi/fornecedor/produto-17326021416745691db2b6e.jpg	in stock	17.90 BRL	new	Achadinhos Brasil	no	Casa e Decoração
p14	Tapete Peluciado 40x60cm	Tapete peluciado 40x60cm, macio e antiderrapante — aquece o ambiente e é fácil de lavar.	https://www.lojaachadinhosbrasil.com.br/produto.html?id=p14	https://empreender.nyc3.digitaloceanspaces.com/dropi/fornecedor/produto-1770729972698b31f4cfa67.webp	in stock	23.90 BRL	new	Achadinhos Brasil	no	Casa e Decoração
p15	Colher Digital LCD Dosador Medidor Balança de Precisão	Colher digital com balança de precisão embutida e visor LCD — mede ingredientes direto na receita. Última unidade no fornecedor.	https://www.lojaachadinhosbrasil.com.br/produto.html?id=p15	https://empreender.nyc3.digitaloceanspaces.com/dropi/fornecedor/produto-172372689066bdfc2acf4d0.jpg	in stock	48.90 BRL	new	Achadinhos Brasil	no	Casa e Decoração
p24	Areia para Gatos Biodegradável 2kg	Areia biodegradável pra gatos, grãos grossos, 2kg — controla odor e é mais sustentável.	https://www.lojaachadinhosbrasil.com.br/produto.html?id=p24	https://empreender.nyc3.digitaloceanspaces.com/dropi/fornecedor/produto-176111446568f879613682e.png	in stock	44.90 BRL	new	Achadinhos Brasil	no	Pet Shop
p30	Tapete Higiênico Impermeável Pequeno	Tapete higiênico impermeável, tamanho pequeno — praticidade pro dia a dia do pet.	https://www.lojaachadinhosbrasil.com.br/produto.html?id=p30	https://empreender.nyc3.digitaloceanspaces.com/dropi/fornecedor/produto-177738532569f0bf6d385cc.jpg	in stock	41.90 BRL	new	Achadinhos Brasil	no	Pet Shop
p32	Argila Vermelha Facial e Corporal	Argila vermelha facial e corporal, limpeza profunda e efeito revitalizante.	https://www.lojaachadinhosbrasil.com.br/produto.html?id=p32	https://empreender.nyc3.digitaloceanspaces.com/dropi/fornecedor/produto-166517092763407defc188f.jpg	in stock	10.90 BRL	new	Achadinhos Brasil	no	Saúde e Beleza
p36	Esfoliante Labial Active Repair	Esfoliante labial pré-procedimento, remove peles mortas e prepara os lábios pra hidratação.	https://www.lojaachadinhosbrasil.com.br/produto.html?id=p36	https://empreender.nyc3.digitaloceanspaces.com/dropi/fornecedor/produto-1764699811692f2ea3dacb3.jpg	in stock	73.90 BRL	new	Achadinhos Brasil	no	Saúde e Beleza
p39	Choker Fita Fina 3mm	Choker fita fina 3mm, discreta e elegante pra compor o look.	https://www.lojaachadinhosbrasil.com.br/produto.html?id=p39	https://dropi.xpto.app/dropi/fornecedor/produto-17848567006a62c07c2476e.jpg	in stock	112.90 BRL	new	Achadinhos Brasil	no	Joias e Acessórios
p40	Colar Pingente de Zircônia e Pérola	Colar com pingente de zircônia e pérola, toque clássico e sofisticado. Só 8 no estoque do fornecedor.	https://www.lojaachadinhosbrasil.com.br/produto.html?id=p40	https://dropi.xpto.app/dropi/fornecedor/produto-17858919806a728c8c54ba8.jpg	in stock	118.90 BRL	new	Achadinhos Brasil	no	Joias e Acessórios
p41	Anel Nossa Senhora Zircônia Azul	Anel Nossa Senhora com zircônia azul, semijoia delicada com apelo religioso — só 3 no estoque do fornecedor.	https://www.lojaachadinhosbrasil.com.br/produto.html?id=p41	https://dropi.xpto.app/dropi/fornecedor/produto-17848566676a62c05b76927.jpg	in stock	109.90 BRL	new	Achadinhos Brasil	no	Joias e Acessórios
p48	Kit 3 Brinquedos Educativos em Madeira e EVA	Kit com 3 brinquedos educativos em madeira e EVA, pedagógicos e lúdicos pro desenvolvimento infantil.	https://www.lojaachadinhosbrasil.com.br/produto.html?id=p48	https://empreender.nyc3.digitaloceanspaces.com/dropi/fornecedor/produto-1770760821698baa757d1cb.jpg	in stock	107.90 BRL	new	Achadinhos Brasil	no	Infantil e Brinquedos
p53	Expositor de Joias Acrílico com 8 Cabides	Expositor de joias em acrílico com 8 cabides — organiza brincos e colares e ainda deixa a penteadeira bonita.	https://www.lojaachadinhosbrasil.com.br/produto.html?id=p53	https://empreender.nyc3.cdn.digitaloceanspaces.com/dropi/fornecedor/produto-177416400069bf9820aa5b7.jpg	in stock	39.90 BRL	new	Achadinhos Brasil	no	Casa e Decoração
p55	Caneca do Brasil - Hexa 2026	Caneca do Brasil Hexa 2026 — pra comemorar o hexacampeonato com estilo na hora do café.	https://www.lojaachadinhosbrasil.com.br/produto.html?id=p55	https://dropi.xpto.app/dropi/fornecedor/produto-17815699116a309977468bf.png	in stock	41.90 BRL	new	Achadinhos Brasil	no	Casa e Decoração
p73	Gel de Limpeza Clean Repair	Gel de limpeza facial Clean Repair — remove impurezas e prepara a pele pra hidratação.	https://www.lojaachadinhosbrasil.com.br/produto.html?id=p73	https://empreender.nyc3.cdn.digitaloceanspaces.com/dropi/fornecedor/produto-1764699858692f2ed2a5a88.jpg	in stock	94.90 BRL	new	Achadinhos Brasil	no	Saúde e Beleza
p74	Esfoliante Facial Renovador com Aloe Vera e Microesferas 50g	Esfoliante facial renovador com aloe vera e microesferas, 50g — remove células mortas e deixa a pele mais lisa.	https://www.lojaachadinhosbrasil.com.br/produto.html?id=p74	https://empreender.nyc3.cdn.digitaloceanspaces.com/dropi/fornecedor/produto-1764699804692f2e9cea109.png	in stock	125.90 BRL	new	Achadinhos Brasil	no	Saúde e Beleza
p76	Creme Clareador Facial Cystea Skin com Cisteamina e Retinol Nano 15g	Creme clareador facial Cystea Skin com cisteamina e retinol nano, 15g — auxilia na uniformização do tom da pele.	https://www.lojaachadinhosbrasil.com.br/produto.html?id=p76	https://empreender.nyc3.cdn.digitaloceanspaces.com/dropi/fornecedor/produto-1764699759692f2e6f0a77d.png	in stock	155.90 BRL	new	Achadinhos Brasil	no	Saúde e Beleza
p77	Argila Preta Facial e Corporal 100g	Argila preta facial e corporal, 100g — limpeza profunda e efeito detox pra pele.	https://www.lojaachadinhosbrasil.com.br/produto.html?id=p77	https://empreender.nyc3.cdn.digitaloceanspaces.com/dropi/fornecedor/produto-16651764776340939d65ab2.jpg	in stock	12.90 BRL	new	Achadinhos Brasil	no	Saúde e Beleza
p80	Creme Reparador Derma Repair com Ativos Calmantes 5g	Creme reparador Derma Repair com ativos calmantes, 5g — auxilia na recuperação da pele.	https://www.lojaachadinhosbrasil.com.br/produto.html?id=p80	https://empreender.nyc3.cdn.digitaloceanspaces.com/dropi/fornecedor/produto-1764699788692f2e8cefea4.jpg	in stock	78.90 BRL	new	Achadinhos Brasil	no	Saúde e Beleza
p90	Toalha Splash Pet	Toalha Splash Pet — seca o pet rapidinho depois do banho ou da chuva.	https://www.lojaachadinhosbrasil.com.br/produto.html?id=p90	https://empreender.nyc3.cdn.digitaloceanspaces.com/dropi/fornecedor/produto-177738520069f0bef06fa02.jpg	in stock	41.90 BRL	new	Achadinhos Brasil	no	Pet Shop
p93	Mantinha Pet	Mantinha pet — aconchego extra pro pet nos dias mais frios.	https://www.lojaachadinhosbrasil.com.br/produto.html?id=p93	https://empreender.nyc3.cdn.digitaloceanspaces.com/dropi/fornecedor/produto-177738491769f0bdd52adce.jpg	in stock	33.90 BRL	new	Achadinhos Brasil	no	Pet Shop
p95	Protetor de Sofá Pet Meg Impermeável Grande	Protetor de sofá pet Meg, impermeável, tamanho grande — protege o estofado do pelo e da sujeira.	https://www.lojaachadinhosbrasil.com.br/produto.html?id=p95	https://empreender.nyc3.cdn.digitaloceanspaces.com/dropi/fornecedor/produto-177738513869f0beb24c52f.jpg	in stock	87.90 BRL	new	Achadinhos Brasil	no	Pet Shop
p96	Protetor Banco Dianteiro Padrão Impermeável	Protetor de banco dianteiro impermeável, padrão universal — leva o pet no carro sem sujar o banco.	https://www.lojaachadinhosbrasil.com.br/produto.html?id=p96	https://empreender.nyc3.cdn.digitaloceanspaces.com/dropi/fornecedor/produto-177738496069f0be00ea3f6.jpg	in stock	49.90 BRL	new	Achadinhos Brasil	no	Pet Shop
p200	Coberdrom Pet Mark Dupla Face 03 pçs	Coberdrom Pet Mark Dupla Face 03 pçs. Disponível em várias opções de cor/modelo — a gente confirma a sua com você pelo WhatsApp assim que o pedido entra.	https://www.lojaachadinhosbrasil.com.br/produto.html?id=p200	https://dropi.xpto.app/dropi/fornecedor/produto-17792781206a0da12827643.jpg	in stock	88.90 BRL	new	Achadinhos Brasil	no	Pet Shop
p201	Protetor de Sofá Pet Snoopy	Protetor de Sofá Pet Snoopy. Disponível em várias opções de cor/modelo — a gente confirma a sua com você pelo WhatsApp assim que o pedido entra.	https://www.lojaachadinhosbrasil.com.br/produto.html?id=p201	https://empreender.nyc3.digitaloceanspaces.com/dropi/fornecedor/produto-177738520969f0bef9664e6.jpg	in stock	70.90 BRL	new	Achadinhos Brasil	no	Pet Shop
p202	Peseira Pet Impermeável Para Cama Casal Padrão Avulsa	Peseira Pet Impermeável Para Cama Casal Padrão Avulsa. Disponível em várias opções de cor/modelo — a gente confirma a sua com você pelo WhatsApp assim que o pedido entra.	https://www.lojaachadinhosbrasil.com.br/produto.html?id=p202	https://empreender.nyc3.digitaloceanspaces.com/dropi/fornecedor/produto-177738486269f0bd9e41c03.jpg	in stock	82.90 BRL	new	Achadinhos Brasil	no	Pet Shop
p203	Cama Pet Onix Impermeável	Cama Pet Onix Impermeável. Disponível em várias opções de cor/modelo — a gente confirma a sua com você pelo WhatsApp assim que o pedido entra.	https://www.lojaachadinhosbrasil.com.br/produto.html?id=p203	https://dropi.xpto.app/dropi/fornecedor/produto-17875948446a8c885c8fba0.jpg	in stock	74.90 BRL	new	Achadinhos Brasil	no	Pet Shop
p204	Bandana Pet Dereck	Bandana Pet Dereck. Disponível em várias opções de cor/modelo — a gente confirma a sua com você pelo WhatsApp assim que o pedido entra.	https://www.lojaachadinhosbrasil.com.br/produto.html?id=p204	https://dropi.xpto.app/dropi/fornecedor/produto-17875842686a8c5f0cb2d36.jpg	in stock	5.90 BRL	new	Achadinhos Brasil	no	Pet Shop
p205	Tapete Higiênico Impermeável Clean	Tapete Higiênico Impermeável Clean. Disponível em várias opções de cor/modelo — a gente confirma a sua com você pelo WhatsApp assim que o pedido entra.	https://www.lojaachadinhosbrasil.com.br/produto.html?id=p205	https://dropi.xpto.app/dropi/fornecedor/produto-17875843276a8c5f473b224.jpg	in stock	35.90 BRL	new	Achadinhos Brasil	no	Pet Shop
p206	Colchonete Pet Simples	Colchonete Pet Simples. Disponível em várias opções de cor/modelo — a gente confirma a sua com você pelo WhatsApp assim que o pedido entra.	https://www.lojaachadinhosbrasil.com.br/produto.html?id=p206	https://dropi.xpto.app/dropi/fornecedor/produto-17875843536a8c5f61b030a.jpg	in stock	58.90 BRL	new	Achadinhos Brasil	no	Pet Shop
p207	Colchonete Pet Quality Impermeável	Colchonete Pet Quality Impermeável. Disponível em várias opções de cor/modelo — a gente confirma a sua com você pelo WhatsApp assim que o pedido entra.	https://www.lojaachadinhosbrasil.com.br/produto.html?id=p207	https://dropi.xpto.app/dropi/fornecedor/produto-17875948636a8c886f3e7de.jpg	in stock	70.90 BRL	new	Achadinhos Brasil	no	Pet Shop
p209	Cama Pet Gorgopet Impermeável	Cama Pet Gorgopet Impermeável. Disponível em várias opções de cor/modelo — a gente confirma a sua com você pelo WhatsApp assim que o pedido entra.	https://www.lojaachadinhosbrasil.com.br/produto.html?id=p209	https://empreender.nyc3.digitaloceanspaces.com/dropi/fornecedor/produto-177738435669f0bba434c4d.jpg	in stock	72.90 BRL	new	Achadinhos Brasil	no	Pet Shop
p210	Protetor Banco Traseiro Plus Impermeável	Protetor Banco Traseiro Plus Impermeável. Disponível em várias opções de cor/modelo — a gente confirma a sua com você pelo WhatsApp assim que o pedido entra.	https://www.lojaachadinhosbrasil.com.br/produto.html?id=p210	https://empreender.nyc3.digitaloceanspaces.com/dropi/fornecedor/produto-177738481069f0bd6a1f452.jpg	in stock	98.90 BRL	new	Achadinhos Brasil	no	Pet Shop
p211	Colchonete Pet Toddy Impermeável	Colchonete Pet Toddy Impermeável. Disponível em várias opções de cor/modelo — a gente confirma a sua com você pelo WhatsApp assim que o pedido entra.	https://www.lojaachadinhosbrasil.com.br/produto.html?id=p211	https://empreender.nyc3.digitaloceanspaces.com/dropi/fornecedor/produto-177738491069f0bdcebb646.jpg	in stock	47.90 BRL	new	Achadinhos Brasil	no	Pet Shop
p213	Triturador de Alho Manual Processador Picador Fatiador Legumes Moedor	Triturador de Alho Manual Processador Picador Fatiador Legumes Moedor.	https://www.lojaachadinhosbrasil.com.br/produto.html?id=p213	https://empreender.nyc3.digitaloceanspaces.com/dropi/fornecedor/produto-1769797765697cf885b80da.jpg	in stock	29.90 BRL	new	Achadinhos Brasil	no	Utensílios
p214	Mini Processador Manual de Alimentos 2 laminas	Mini Processador Manual de Alimentos 2 laminas.	https://www.lojaachadinhosbrasil.com.br/produto.html?id=p214	https://empreender.nyc3.digitaloceanspaces.com/dropi/fornecedor/produto-1769797763697cf8839c140.jpg	in stock	16.90 BRL	new	Achadinhos Brasil	no	Utensílios
p215	Batedor Elétrico á Pilha Cores Sortidas	Batedor Elétrico á Pilha Cores Sortidas.	https://www.lojaachadinhosbrasil.com.br/produto.html?id=p215	https://empreender.nyc3.digitaloceanspaces.com/dropi/fornecedor/produto-177153492569977a4de6d05.webp	in stock	13.90 BRL	new	Achadinhos Brasil	no	Utensílios
p216	Bomba de agua	Bomba de agua.	https://www.lojaachadinhosbrasil.com.br/produto.html?id=p216	https://empreender.nyc3.digitaloceanspaces.com/dropi/fornecedor/produto-1769797749697cf875eb8f0.jpg	in stock	17.90 BRL	new	Achadinhos Brasil	no	Utensílios
p218	Espátula de Silicone e Ferro 37X5,3cm Cores Sortidas	Espátula de Silicone e Ferro 37X5,3cm Cores Sortidas.	https://www.lojaachadinhosbrasil.com.br/produto.html?id=p218	https://empreender.nyc3.digitaloceanspaces.com/dropi/fornecedor/produto-177153493169977a53495f5.jpg	in stock	17.90 BRL	new	Achadinhos Brasil	no	Utensílios
p219	Espátula de Silicone e Ferro 27,5x6cm Cores Sortidas	Espátula de Silicone e Ferro 27,5x6cm Cores Sortidas.	https://www.lojaachadinhosbrasil.com.br/produto.html?id=p219	https://empreender.nyc3.digitaloceanspaces.com/dropi/fornecedor/produto-177153493169977a53495f5.webp	in stock	17.90 BRL	new	Achadinhos Brasil	no	Utensílios
p220	Pincel Confeiteiro de Silicone e Ferro 25,5x4,1cm Cores Sortidas	Pincel Confeiteiro de Silicone e Ferro 25,5x4,1cm Cores Sortidas.	https://www.lojaachadinhosbrasil.com.br/produto.html?id=p220	https://empreender.nyc3.digitaloceanspaces.com/dropi/fornecedor/produto-177153494169977a5d789d8.webp	in stock	17.90 BRL	new	Achadinhos Brasil	no	Utensílios
p221	Ralador + Faca de Fruta Cores Sortidas	Ralador + Faca de Fruta Cores Sortidas.	https://www.lojaachadinhosbrasil.com.br/produto.html?id=p221	https://empreender.nyc3.digitaloceanspaces.com/dropi/fornecedor/produto-177153494369977a5fb5c78.jpg	in stock	11.90 BRL	new	Achadinhos Brasil	no	Utensílios
p223	Esponja 11x7x3cm kit 2pçs	Esponja 11x7x3cm kit 2pçs.	https://www.lojaachadinhosbrasil.com.br/produto.html?id=p223	https://empreender.nyc3.digitaloceanspaces.com/dropi/fornecedor/produto-177153493469977a56ea7de.webp	in stock	6.90 BRL	new	Achadinhos Brasil	no	Utensílios
p224	Forma de bolo de ferro 30cm	Forma de bolo de ferro 30cm.	https://www.lojaachadinhosbrasil.com.br/produto.html?id=p224	https://empreender.nyc3.digitaloceanspaces.com/dropi/fornecedor/produto-1769797754697cf87a51096.jpg	in stock	23.90 BRL	new	Achadinhos Brasil	no	Utensílios
p225	Kit 3 Forma De Bolo Redonda Fundo Removível	Kit 3 Forma De Bolo Redonda Fundo Removível.	https://www.lojaachadinhosbrasil.com.br/produto.html?id=p225	https://empreender.nyc3.digitaloceanspaces.com/dropi/fornecedor/produto-1769797761697cf88145203.png	in stock	51.90 BRL	new	Achadinhos Brasil	no	Utensílios
p226	Forma de bolo redonda 26 cm	Forma de bolo redonda 26 cm.	https://www.lojaachadinhosbrasil.com.br/produto.html?id=p226	https://empreender.nyc3.digitaloceanspaces.com/dropi/fornecedor/produto-1769797756697cf87c5134f.jpg	in stock	19.90 BRL	new	Achadinhos Brasil	no	Utensílios
p227	Bomba de Agua elétrica	Bomba de Agua elétrica.	https://www.lojaachadinhosbrasil.com.br/produto.html?id=p227	https://empreender.nyc3.digitaloceanspaces.com/dropi/fornecedor/produto-1769797752697cf87841875.jpg	in stock	35.90 BRL	new	Achadinhos Brasil	no	Utensílios
p232	Capa para Almofada 40x40cm Cores Sortidas	Capa para Almofada 40x40cm Cores Sortidas.	https://www.lojaachadinhosbrasil.com.br/produto.html?id=p232	https://empreender.nyc3.digitaloceanspaces.com/dropi/fornecedor/produto-177262435769a819e527204.webp	in stock	23.90 BRL	new	Achadinhos Brasil	no	Casa e Decoração
p233	Mouse Gamer Evolut Eg-103rb Predator Rgb 2400 Dpi 06 Botoes	Mouse Gamer Evolut Eg-103rb Predator Rgb 2400 Dpi 06 Botoes.	https://www.lojaachadinhosbrasil.com.br/produto.html?id=p233	https://empreender.nyc3.digitaloceanspaces.com/dropi/fornecedor/produto-172355839566bb69fb53e93.jpg	in stock	42.90 BRL	new	Achadinhos Brasil	no	Eletrônicos
p234	Suporte p/ celular 11.5x10cm	Suporte p/ celular 11.5x10cm.	https://www.lojaachadinhosbrasil.com.br/produto.html?id=p234	https://empreender.nyc3.digitaloceanspaces.com/dropi/fornecedor/produto-1770729965698b31ed326f2.webp	in stock	16.90 BRL	new	Achadinhos Brasil	no	Eletrônicos
p235	Mouse Sem Fio Fantech W189 1200DPI	Mouse Sem Fio Fantech W189 1200DPI.	https://www.lojaachadinhosbrasil.com.br/produto.html?id=p235	https://empreender.nyc3.digitaloceanspaces.com/dropi/fornecedor/produto-172373532766be1d1f20621.jpg	in stock	104.90 BRL	new	Achadinhos Brasil	no	Eletrônicos
p236	Mouse Sem Fio Fantech Forma Confortável W188 1200DPI	Mouse Sem Fio Fantech Forma Confortável W188 1200DPI.	https://www.lojaachadinhosbrasil.com.br/produto.html?id=p236	https://empreender.nyc3.digitaloceanspaces.com/dropi/fornecedor/produto-172355737266bb65fc8b4a6.jpg	in stock	104.90 BRL	new	Achadinhos Brasil	no	Eletrônicos
p237	Fone de Ouvido Bluetooth Cores Sortidas	Fone de Ouvido Bluetooth Cores Sortidas.	https://www.lojaachadinhosbrasil.com.br/produto.html?id=p237	https://empreender.nyc3.digitaloceanspaces.com/dropi/fornecedor/produto-1770729908698b31b4653bf.webp	in stock	48.90 BRL	new	Achadinhos Brasil	no	Eletrônicos
p238	Mouse sem Fio Logitech M220 Silent Silencioso 1000 DPI	Mouse sem Fio Logitech M220 Silent Silencioso 1000 DPI.	https://www.lojaachadinhosbrasil.com.br/produto.html?id=p238	https://empreender.nyc3.digitaloceanspaces.com/dropi/fornecedor/produto-177248616769a5fe1729e09.jpg	in stock	129.90 BRL	new	Achadinhos Brasil	no	Eletrônicos
p239	Mouse Para Jogos Profissional Fantech G13 Rhasta Ii 2400Dpi	Mouse Para Jogos Profissional Fantech G13 Rhasta Ii 2400Dpi.	https://www.lojaachadinhosbrasil.com.br/produto.html?id=p239	https://empreender.nyc3.digitaloceanspaces.com/dropi/fornecedor/produto-1734331695675fcd2f0461a.jpg	in stock	85.90 BRL	new	Achadinhos Brasil	no	Eletrônicos
p240	Kit Teclado e Mouse Teclas Silenciosas Fantech KM-100	Kit Teclado e Mouse Teclas Silenciosas Fantech KM-100.	https://www.lojaachadinhosbrasil.com.br/produto.html?id=p240	https://empreender.nyc3.digitaloceanspaces.com/dropi/fornecedor/produto-172355694466bb6450b5141.jpg	in stock	131.90 BRL	new	Achadinhos Brasil	no	Eletrônicos
p241	Mouse Gamer Jogo Macro Crypto VX7 Fantech 8000DPI 6 Botões	Mouse Gamer Jogo Macro Crypto VX7 Fantech 8000DPI 6 Botões.	https://www.lojaachadinhosbrasil.com.br/produto.html?id=p241	https://empreender.nyc3.digitaloceanspaces.com/dropi/fornecedor/produto-172355695066bb6456b0705.jpg	in stock	160.90 BRL	new	Achadinhos Brasil	no	Eletrônicos
p242	Tabuleiro Alfabeto em Madeira e EVA — 26 Letras	Tabuleiro pedagógico com base e 26 letras móveis em madeira e EVA, para montar palavras e treinar alfabetização de forma lúdica.	https://www.lojaachadinhosbrasil.com.br/produto.html?id=p242	https://empreender.nyc3.digitaloceanspaces.com/dropi/fornecedor/produto-1770760844698baa8c13fc6.jpg	in stock	29.90 BRL	new	Achadinhos Brasil	no	Infantil e Brinquedos
p243	Kit Raquete de Ping-Pong 15x20cm	Kit de raquetes de ping-pong medindo 15x20cm, leve e fácil de manusear, ideal para brincar em casa ou levar na viagem.	https://www.lojaachadinhosbrasil.com.br/produto.html?id=p243	https://empreender.nyc3.digitaloceanspaces.com/dropi/fornecedor/produto-17700621736981015dbad31.png	in stock	21.90 BRL	new	Achadinhos Brasil	no	Infantil e Brinquedos
p244	Teste Token Educativo em Madeira	Jogo pedagógico em madeira usado em avaliação neurológica e treino de atenção, memória e compreensão de comandos.	https://www.lojaachadinhosbrasil.com.br/produto.html?id=p244	https://empreender.nyc3.digitaloceanspaces.com/dropi/fornecedor/produto-1770760875698baaabd7c70.jpg	in stock	41.90 BRL	new	Achadinhos Brasil	no	Infantil e Brinquedos
p245	Tangram Educativo em Madeira	Quebra-cabeça chinês clássico em madeira: sete peças geométricas para montar centenas de figuras e treinar raciocínio espacial.	https://www.lojaachadinhosbrasil.com.br/produto.html?id=p245	https://empreender.nyc3.digitaloceanspaces.com/dropi/fornecedor/produto-1770760871698baaa72d75d.jpg	in stock	19.90 BRL	new	Achadinhos Brasil	no	Infantil e Brinquedos
p246	Pinos de Encaixe Educativo em Madeira	Brinquedo pedagógico de encaixe em madeira, trabalha coordenação motora fina, cores e noção de forma.	https://www.lojaachadinhosbrasil.com.br/produto.html?id=p246	https://empreender.nyc3.digitaloceanspaces.com/dropi/fornecedor/produto-1770760839698baa87a393a.jpg	in stock	49.90 BRL	new	Achadinhos Brasil	no	Infantil e Brinquedos
p247	Encaixe Se For Capaz — Desafio Educativo em Madeira	Desafio de encaixe em madeira que estimula lógica, paciência e coordenação motora. Simples de entender, difícil de largar.	https://www.lojaachadinhosbrasil.com.br/produto.html?id=p247	https://empreender.nyc3.digitaloceanspaces.com/dropi/fornecedor/produto-1770760808698baa68dc126.jpg	in stock	15.90 BRL	new	Achadinhos Brasil	no	Infantil e Brinquedos
p248	Torre de Hanói em Madeira e EVA	Clássico jogo de raciocínio lógico em madeira e EVA: mova os discos de haste em haste sem colocar um maior sobre um menor.	https://www.lojaachadinhosbrasil.com.br/produto.html?id=p248	https://empreender.nyc3.digitaloceanspaces.com/dropi/fornecedor/produto-1770760880698baab03f84f.jpg	in stock	23.90 BRL	new	Achadinhos Brasil	no	Infantil e Brinquedos
p249	Kit 3 Tabuleiros — Alfabeto, Numerais e Vogais	Trio de tabuleiros pedagógicos em madeira e EVA (alfabeto, numerais e vogais) para acompanhar toda a fase de alfabetização.	https://www.lojaachadinhosbrasil.com.br/produto.html?id=p249	https://empreender.nyc3.digitaloceanspaces.com/dropi/fornecedor/produto-1770760826698baa7a73fe6.jpg	in stock	68.90 BRL	new	Achadinhos Brasil	no	Infantil e Brinquedos
p250	Formas Geométricas Educativo em Madeira e EVA	Tabuleiro de formas geométricas em madeira e EVA: encaixe as peças, aprenda os nomes das formas e treine coordenação.	https://www.lojaachadinhosbrasil.com.br/produto.html?id=p250	https://empreender.nyc3.digitaloceanspaces.com/dropi/fornecedor/produto-1770760813698baa6d836e3.jpg	in stock	41.90 BRL	new	Achadinhos Brasil	no	Infantil e Brinquedos
p251	Painel Psicomotor Educativo em MDF (Labirinto)	Painel de labirinto em MDF para treinar coordenação motora, concentração e traçado — brinquedo de mesa que não faz bagunça.	https://www.lojaachadinhosbrasil.com.br/produto.html?id=p251	https://empreender.nyc3.digitaloceanspaces.com/dropi/fornecedor/produto-177642835969e22547926f1.jpg	in stock	32.90 BRL	new	Achadinhos Brasil	no	Infantil e Brinquedos
p252	Cubo Kohs — Teste de Raciocínio Lógico 9 Peças	Nove cubos coloridos em caixa de madeira para reproduzir padrões. Usado em avaliação de raciocínio lógico e ótimo como jogo.	https://www.lojaachadinhosbrasil.com.br/produto.html?id=p252	https://empreender.nyc3.digitaloceanspaces.com/dropi/fornecedor/produto-177642838769e225630f9be.png	in stock	38.90 BRL	new	Achadinhos Brasil	no	Infantil e Brinquedos
p253	Geoplano Matemático com Elásticos	Placa de pinos com elásticos coloridos para formar figuras geométricas — material pedagógico clássico de matemática.	https://www.lojaachadinhosbrasil.com.br/produto.html?id=p253	https://empreender.nyc3.digitaloceanspaces.com/dropi/fornecedor/produto-177642837469e22556ab323.png	in stock	32.90 BRL	new	Achadinhos Brasil	no	Infantil e Brinquedos
p254	Mouse Pad Gamer Grande Fantech Sven MP44 — 44x35cm	Mouse pad gamer de 44x35cm com base antiderrapante e superfície lisa, espaço de sobra para mouse e teclado.	https://www.lojaachadinhosbrasil.com.br/produto.html?id=p254	https://empreender.nyc3.digitaloceanspaces.com/dropi/fornecedor/produto-172355886666bb6bd266657.jpg	in stock	85.90 BRL	new	Achadinhos Brasil	no	Eletrônicos
p255	Mini Caixa de Som USB 6x7cm	Caixinha de som compacta de 6x7cm com conexão USB, em cores sortidas. Cabe na mesa e vai junto no notebook.	https://www.lojaachadinhosbrasil.com.br/produto.html?id=p255	https://empreender.nyc3.digitaloceanspaces.com/dropi/fornecedor/produto-1770729922698b31c24fd43.webp	in stock	57.90 BRL	new	Achadinhos Brasil	no	Eletrônicos
p256	Kit Teclado e Mouse Sem Fio Multilaser TC251	Kit sem fio Multilaser TC251 com teclado de teclas flutuantes e mouse, na cor preta — mesa mais limpa, sem fios.	https://www.lojaachadinhosbrasil.com.br/produto.html?id=p256	https://empreender.nyc3.digitaloceanspaces.com/dropi/fornecedor/produto-17794552276a1054fbed4d1.jpg	in stock	233.90 BRL	new	Achadinhos Brasil	no	Eletrônicos
p257	Headset Gamer Fantech Sniper HG16 — 7.1 USB RGB	Headset gamer Fantech HG16 com som 7.1 via USB e iluminação RGB, com microfone para jogar e conversar.	https://www.lojaachadinhosbrasil.com.br/produto.html?id=p257	https://empreender.nyc3.digitaloceanspaces.com/dropi/fornecedor/produto-172355693366bb64450b689.jpg	in stock	366.90 BRL	new	Achadinhos Brasil	no	Eletrônicos
p258	Fone de Ouvido Bluetooth LED Gatinho	Fone bluetooth com orelhinhas de gato e LED, em cores sortidas. Queridinho do público infantojuvenil.	https://www.lojaachadinhosbrasil.com.br/produto.html?id=p258	https://empreender.nyc3.digitaloceanspaces.com/dropi/fornecedor/produto-177210494369a02cef26b13.webp	in stock	101.90 BRL	new	Achadinhos Brasil	no	Eletrônicos
p259	Brinco Orgânico Redondo Frisado Banhado a Ouro 18K	Brinco de formato orgânico redondo com detalhes frisados, banhado a ouro 18K. Peça de acabamento fino para o dia a dia.	https://www.lojaachadinhosbrasil.com.br/produto.html?id=p259	https://empreender.nyc3.digitaloceanspaces.com/dropi/fornecedor/produto-1752068383686e711f41784.jpg	in stock	82.90 BRL	new	Achadinhos Brasil	no	Joias e Acessórios
p260	Conjunto Infantil Florzinha Branca Banhado a Ouro 18K	Conjunto infantil de florzinha branca banhado a ouro 18K — delicado e leve, pensado para orelhinhas pequenas.	https://www.lojaachadinhosbrasil.com.br/produto.html?id=p260	https://empreender.nyc3.digitaloceanspaces.com/dropi/fornecedor/produto-17535339226884cde260693.webp	in stock	89.90 BRL	new	Achadinhos Brasil	no	Joias e Acessórios
p261	Brinco Ponto de Luz Duplo Strass 6mm Banhado a Ouro 18K	Brinco fixo com dois strass de 6mm em cristal, estilo clássico Grace Kelly, banhado a ouro 18K.	https://www.lojaachadinhosbrasil.com.br/produto.html?id=p261	https://empreender.nyc3.digitaloceanspaces.com/dropi/fornecedor/produto-1752067992686e6f98a96dc.jpg	in stock	48.90 BRL	new	Achadinhos Brasil	no	Joias e Acessórios
p262	Colar Menina Cravejado Banhado a Ouro 18K	Colar com pingente de menina cravejado, banhado a ouro 18K — presente afetivo para mães e madrinhas.	https://www.lojaachadinhosbrasil.com.br/produto.html?id=p262	https://empreender.nyc3.digitaloceanspaces.com/dropi/fornecedor/produto-176116285768f936692fa96.png	in stock	70.90 BRL	new	Achadinhos Brasil	no	Joias e Acessórios
p263	Brinco Flor Vazada Banhado a Ouro 18K	Brinco pendurado em formato de flor vazada com bordas detalhadas, banhado a ouro 18K. Leve e discreto.	https://www.lojaachadinhosbrasil.com.br/produto.html?id=p263	https://empreender.nyc3.digitaloceanspaces.com/dropi/fornecedor/produto-1752068435686e7153359d8.jpg	in stock	32.90 BRL	new	Achadinhos Brasil	no	Joias e Acessórios
p264	Conjunto Coração com Cristal Rosa Banhado a Ouro 18K	Conjunto de coração com cristal rosa banhado a ouro 18K — combinação romântica que funciona em qualquer idade.	https://www.lojaachadinhosbrasil.com.br/produto.html?id=p264	https://empreender.nyc3.digitaloceanspaces.com/dropi/fornecedor/produto-177335419169b33ccf6f0fd.jpg	in stock	86.90 BRL	new	Achadinhos Brasil	no	Joias e Acessórios
p265	Colar Cordão Baiano 2mm Banhado a Ouro	Cordão baiano de 2mm banhado a ouro — corrente masculina clássica, elo firme e acabamento espelhado.	https://www.lojaachadinhosbrasil.com.br/produto.html?id=p265	https://empreender.nyc3.digitaloceanspaces.com/dropi/fornecedor/produto-175328827668810e54ecbeb.webp	in stock	200.90 BRL	new	Achadinhos Brasil	no	Joias e Acessórios
p266	Forma de Bolo Retangular em Metal 32x47,5cm	Forma retangular de metal medindo 32 x 47,5 x 5 cm — tamanho de padaria, boa para bolo de festa e assados grandes.	https://www.lojaachadinhosbrasil.com.br/produto.html?id=p266	https://empreender.nyc3.digitaloceanspaces.com/dropi/fornecedor/produto-1769705121697b8ea13ce28.jpg	in stock	41.90 BRL	new	Achadinhos Brasil	no	Utensílios
p267	Truss Máscara Nutri Infusion 180g	Máscara de nutrição profissional Truss Nutri Infusion 180g, para cabelos ressecados que precisam de reposição.	https://www.lojaachadinhosbrasil.com.br/produto.html?id=p267	https://empreender.nyc3.digitaloceanspaces.com/dropi/fornecedor/produto-17526737036877ada76c192.webp	in stock	153.90 BRL	new	Achadinhos Brasil	no	Saúde e Beleza
p268	Truss Kit Shampoo e Condicionador Ultra Hydration	Kit Truss Ultra Hydration com shampoo e condicionador — linha profissional de hidratação para uso em casa.	https://www.lojaachadinhosbrasil.com.br/produto.html?id=p268	https://empreender.nyc3.digitaloceanspaces.com/dropi/fornecedor/produto-173878198767a3b523adbc2.png	in stock	155.90 BRL	new	Achadinhos Brasil	no	Saúde e Beleza
p269	Colher de Silicone e Ferro 28x5,5cm	Colher de silicone com cabo de ferro, 28x5,5cm, em cores sortidas — não risca panela antiaderente.	https://www.lojaachadinhosbrasil.com.br/produto.html?id=p269	https://empreender.nyc3.digitaloceanspaces.com/dropi/fornecedor/produto-177153492969977a5139ec8.webp	in stock	17.90 BRL	new	Achadinhos Brasil	no	Utensílios
p270	Forma de Papel para Air Fryer Redonda 16cm	Formas descartáveis antiaderentes de 16cm para air fryer: assa e joga fora, sem esfregar a cesta.	https://www.lojaachadinhosbrasil.com.br/produto.html?id=p270	https://empreender.nyc3.digitaloceanspaces.com/dropi/fornecedor/produto-1769695517697b691dd388d.jpg	in stock	14.90 BRL	new	Achadinhos Brasil	no	Utensílios
p271	Porta-Pão Grande de Madeira Basculante	Porta-pão grande em madeira com porta basculante estilo baú — guarda o pão fresco e decora a bancada.	https://www.lojaachadinhosbrasil.com.br/produto.html?id=p271	https://empreender.nyc3.digitaloceanspaces.com/dropi/fornecedor/produto-175587436768a8843fcc60b.jpg	in stock	196.90 BRL	new	Achadinhos Brasil	no	Casa e Decoração
p272	Tábua de Vidro para Cozinha	Tábua de vidro temperado com estampa sortida: não absorve cheiro, não mancha e vai na pia sem medo.	https://www.lojaachadinhosbrasil.com.br/produto.html?id=p272	https://empreender.nyc3.digitaloceanspaces.com/dropi/fornecedor/produto-1769695564697b694cf3b7c.png	in stock	23.90 BRL	new	Achadinhos Brasil	no	Utensílios
p273	Protetor de Porta Veicular Impermeável	Protege a lateral interna da porta do carro contra pelos, arranhões e barro do pet.	https://www.lojaachadinhosbrasil.com.br/produto.html?id=p273	https://empreender.nyc3.digitaloceanspaces.com/dropi/fornecedor/produto-177738510769f0be930ca79.jpg	in stock	35.90 BRL	new	Achadinhos Brasil	no	Pet Shop
p274	Bolsa de Transporte Pet Amora 2 em 1 Impermeável	Bolsa de transporte impermeável que vira caminha: leva o pet e serve de descanso na chegada.	https://www.lojaachadinhosbrasil.com.br/produto.html?id=p274	https://empreender.nyc3.digitaloceanspaces.com/dropi/fornecedor/produto-177738430069f0bb6cb8536.jpg	in stock	109.90 BRL	new	Achadinhos Brasil	no	Pet Shop
p275	Colchonete de Transporte Pet Hanna 2 em 1	Colchonete impermeável 2 em 1 para transporte e descanso, fácil de limpar e de dobrar.	https://www.lojaachadinhosbrasil.com.br/produto.html?id=p275	https://empreender.nyc3.digitaloceanspaces.com/dropi/fornecedor/produto-177738460469f0bc9cc4861.jpg	in stock	66.90 BRL	new	Achadinhos Brasil	no	Pet Shop
p276	Cinto de Segurança Pet Simples	Cinto de segurança que prende a coleira ao cinto do carro — o pet viaja preso e sem se machucar.	https://www.lojaachadinhosbrasil.com.br/produto.html?id=p276	https://empreender.nyc3.digitaloceanspaces.com/dropi/fornecedor/produto-17875843426a8c5f5624c3c.jpg	in stock	31.90 BRL	new	Achadinhos Brasil	no	Pet Shop
p277	Comedouro e Bebedouro de Melamina Batman	Vasilha de melamina estampa Batman, resistente e fácil de lavar, serve como comedouro ou bebedouro.	https://www.lojaachadinhosbrasil.com.br/produto.html?id=p277	https://empreender.nyc3.digitaloceanspaces.com/dropi/fornecedor/produto-175942796368debd7b06e64.jpg	in stock	125.90 BRL	new	Achadinhos Brasil	no	Pet Shop
p278	Almofada Decorativa Pet	Almofada decorativa para o cantinho do pet — combina com a decoração e dá um lugar macio pra ele.	https://www.lojaachadinhosbrasil.com.br/produto.html?id=p278	https://empreender.nyc3.digitaloceanspaces.com/dropi/fornecedor/produto-177738426869f0bb4c26a5f.jpg	in stock	53.90 BRL	new	Achadinhos Brasil	no	Pet Shop
p279	Edredom Pet Lexie Dupla Face 3 Peças	Kit edredom pet dupla face estampado com 3 peças: um lado quentinho, outro fresquinho.	https://www.lojaachadinhosbrasil.com.br/produto.html?id=p279	https://empreender.nyc3.digitaloceanspaces.com/dropi/fornecedor/produto-17875844906a8c5feae1db4.jpg	in stock	88.90 BRL	new	Achadinhos Brasil	no	Pet Shop
p280	Coleira Mulher Maravilha com Capa e Pingente	Coleira licenciada Mulher Maravilha com capa e pingente — para o pet que sai pra passear com estilo.	https://www.lojaachadinhosbrasil.com.br/produto.html?id=p280	https://empreender.nyc3.digitaloceanspaces.com/dropi/fornecedor/produto-176122399168fa2537d0f5c.jpg	in stock	111.90 BRL	new	Achadinhos Brasil	no	Pet Shop
p281	Conjunto Cinto de Segurança + Coleira Pet	Kit com cinto de segurança veicular e coleira: o pet viaja preso e você não precisa comprar as duas peças separadas.	https://www.lojaachadinhosbrasil.com.br/produto.html?id=p281	https://empreender.nyc3.digitaloceanspaces.com/dropi/fornecedor/produto-17875844836a8c5fe39da4d.jpg	in stock	49.90 BRL	new	Achadinhos Brasil	no	Pet Shop
p282	Coleira Batman Forever Preto e Amarelo	Coleira licenciada Batman em preto e amarelo, com acabamento reforçado.	https://www.lojaachadinhosbrasil.com.br/produto.html?id=p282	https://empreender.nyc3.digitaloceanspaces.com/dropi/fornecedor/produto-175942590668deb572c699d.png	in stock	81.90 BRL	new	Achadinhos Brasil	no	Pet Shop
p283	Coleira Krypto com Capa e Pingente — M	Coleira tamanho M do Krypto (Superpets) com capa removível e pingente de identificação.	https://www.lojaachadinhosbrasil.com.br/produto.html?id=p283	https://empreender.nyc3.digitaloceanspaces.com/dropi/fornecedor/produto-175942597968deb5bb8357e.png	in stock	93.90 BRL	new	Achadinhos Brasil	no	Pet Shop
p284	Guia para Cachorro Scooby-Doo	Guia tradicional licenciada Scooby-Doo, alça reforçada e mosquetão resistente.	https://www.lojaachadinhosbrasil.com.br/produto.html?id=p284	https://empreender.nyc3.digitaloceanspaces.com/dropi/fornecedor/produto-175942638668deb752bb5f3.jpg	in stock	151.90 BRL	new	Achadinhos Brasil	no	Pet Shop
p285	Protetor de Banco Traseiro Impermeável	Capa impermeável para o banco traseiro: segura pelo, barro e água, e sai fácil pra lavar.	https://www.lojaachadinhosbrasil.com.br/produto.html?id=p285	https://empreender.nyc3.digitaloceanspaces.com/dropi/fornecedor/produto-177738522769f0bf0be6d00.jpg	in stock	78.90 BRL	new	Achadinhos Brasil	no	Pet Shop
p286	Headset Gamer Fantech Captain 7.1 Space Edition	Headset Fantech Captain com som surround 7.1 via USB, edição Space, microfone destacável.	https://www.lojaachadinhosbrasil.com.br/produto.html?id=p286	https://empreender.nyc3.digitaloceanspaces.com/dropi/fornecedor/produto-172355692666bb643e0a3a6.jpg	in stock	501.90 BRL	new	Achadinhos Brasil	no	Eletrônicos
p287	Headset Gamer Fantech Captain 7.1 RGB Virtual	Headset Fantech Captain 7.1 virtual com iluminação RGB e microfone — para jogar e fazer call.	https://www.lojaachadinhosbrasil.com.br/produto.html?id=p287	https://empreender.nyc3.digitaloceanspaces.com/dropi/fornecedor/produto-172355691966bb643742b0e.jpg	in stock	375.90 BRL	new	Achadinhos Brasil	no	Eletrônicos
p288	Mouse Gamer Fantech Phantom X15 — 7 Botões	Mouse gamer Fantech Phantom X15 com macro programável, RGB e 7 botões.	https://www.lojaachadinhosbrasil.com.br/produto.html?id=p288	https://empreender.nyc3.digitaloceanspaces.com/dropi/fornecedor/produto-172373496866be1bb879a67.jpg	in stock	170.90 BRL	new	Achadinhos Brasil	no	Eletrônicos
p289	Mouse Pad Gamer Extra Largo 80x30cm	Mouse pad Fantech Sven de 80x30cm: cabe teclado e mouse com folga, base antiderrapante.	https://www.lojaachadinhosbrasil.com.br/produto.html?id=p289	https://empreender.nyc3.digitaloceanspaces.com/dropi/fornecedor/produto-172363207466bc89cab8a9c.jpg	in stock	115.90 BRL	new	Achadinhos Brasil	no	Eletrônicos
p290	Mouse Gamer Fantech Thor X9 — 7 Botões	Mouse gamer Fantech Thor X9 com macro, RGB e 7 botões programáveis.	https://www.lojaachadinhosbrasil.com.br/produto.html?id=p290	https://empreender.nyc3.digitaloceanspaces.com/dropi/fornecedor/produto-172355875366bb6b614cf30.jpg	in stock	168.90 BRL	new	Achadinhos Brasil	no	Eletrônicos
p291	Box Organizador G Transparente	Caixa organizadora grande e transparente — enxerga o que tem dentro sem abrir, empilha fácil.	https://www.lojaachadinhosbrasil.com.br/produto.html?id=p291	https://empreender.nyc3.digitaloceanspaces.com/dropi/fornecedor/produto-1731093492672e63f48a2eb.jpg	in stock	43.90 BRL	new	Achadinhos Brasil	no	Casa e Decoração
p292	Box Multiuso com Divisória P	Organizador multiuso pequeno com divisória interna, para separar miudezas em gaveta ou armário.	https://www.lojaachadinhosbrasil.com.br/produto.html?id=p292	https://empreender.nyc3.digitaloceanspaces.com/dropi/fornecedor/produto-1731093489672e63f173ce3.jpg	in stock	62.90 BRL	new	Achadinhos Brasil	no	Casa e Decoração
p293	Luva de Microfibra Vonder para Limpeza	Luva de microfibra Vonder para limpeza automotiva e doméstica: tira poeira sem riscar.	https://www.lojaachadinhosbrasil.com.br/produto.html?id=p293	https://empreender.nyc3.digitaloceanspaces.com/dropi/fornecedor/produto-17867686656a7fed1975240.jpg	in stock	84.90 BRL	new	Achadinhos Brasil	no	Utensílios
p294	Lençol Avulso Microfibra Casal Branco	Lençol avulso de microfibra casal na cor branca: toque macio, seca rápido e quase não amassa.	https://www.lojaachadinhosbrasil.com.br/produto.html?id=p294	https://empreender.nyc3.digitaloceanspaces.com/dropi/fornecedor/produto-17515492446866853c25a99.jpg	in stock	27.90 BRL	new	Achadinhos Brasil	no	Casa e Decoração
p295	Capa de Sofá Floral Preto 2 e 3 Lugares	Capa de sofá estampa floral preta que serve em sofás de 2 e 3 lugares — renova a sala sem trocar o móvel.	https://www.lojaachadinhosbrasil.com.br/produto.html?id=p295	https://empreender.nyc3.digitaloceanspaces.com/dropi/fornecedor/produto-1681846678643ef19627622.jpg	in stock	156.90 BRL	new	Achadinhos Brasil	no	Casa e Decoração
p296	Capa de Sofá Lisa Avelã 2 e 3 Lugares	Capa de sofá lisa na cor avelã para sofás de 2 e 3 lugares, tecido elástico que veste justo.	https://www.lojaachadinhosbrasil.com.br/produto.html?id=p296	https://empreender.nyc3.digitaloceanspaces.com/dropi/fornecedor/produto-1681846033643eef11f0d8b.jpg	in stock	282.90 BRL	new	Achadinhos Brasil	no	Casa e Decoração
p297	Capas de Cadeira Floral Preto — 4 Lugares	Jogo com 4 capas de cadeira estampa floral preta: protege o estofado e uniformiza a mesa de jantar.	https://www.lojaachadinhosbrasil.com.br/produto.html?id=p297	https://empreender.nyc3.digitaloceanspaces.com/dropi/fornecedor/produto-1681846665643ef189b2e84.jpg	in stock	58.90 BRL	new	Achadinhos Brasil	no	Casa e Decoração
p298	Kit Cobreleito Magnífico Dupla Face Queen	Cobreleito queen dupla face: um lado estampado, outro liso — troca o visual da cama virando a peça.	https://www.lojaachadinhosbrasil.com.br/produto.html?id=p298	https://empreender.nyc3.digitaloceanspaces.com/dropi/fornecedor/produto-175154949668668638de6be.jpg	in stock	127.90 BRL	new	Achadinhos Brasil	no	Casa e Decoração
p299	Colcha Bel Queen 3 Peças Amapola	Colcha queen com 3 peças (colcha + 2 porta-travesseiros) na estampa Amapola.	https://www.lojaachadinhosbrasil.com.br/produto.html?id=p299	https://empreender.nyc3.digitaloceanspaces.com/dropi/fornecedor/produto-175154903168668467a8931.jpg	in stock	125.90 BRL	new	Achadinhos Brasil	no	Casa e Decoração
p300	Kit Cobreleito Classic Queen 3 Peças Azul	Kit cobreleito queen azul com 3 peças, acabamento clássico que combina com qualquer quarto.	https://www.lojaachadinhosbrasil.com.br/produto.html?id=p300	https://empreender.nyc3.digitaloceanspaces.com/dropi/fornecedor/produto-1751549479686686275b7d5.jpg	in stock	156.90 BRL	new	Achadinhos Brasil	no	Casa e Decoração
p301	Película de Privacidade para iPhone	Película de privacidade tela infinita para iPhone: só quem está de frente enxerga a tela.	https://www.lojaachadinhosbrasil.com.br/produto.html?id=p301	https://empreender.nyc3.digitaloceanspaces.com/dropi/fornecedor/produto-17374946826790109a3a637.jpg	in stock	28.90 BRL	new	Achadinhos Brasil	no	Eletrônicos
p302	Película Hidrogel para iPhone	Película de hidrogel para display de iPhone — acompanha a curvatura da tela e se auto-regenera de micro-riscos.	https://www.lojaachadinhosbrasil.com.br/produto.html?id=p302	https://empreender.nyc3.digitaloceanspaces.com/dropi/fornecedor/produto-173749438767900f73d563d.jpg	in stock	28.90 BRL	new	Achadinhos Brasil	no	Eletrônicos
p303	Capa com Alça Ajustável para Samsung Galaxy S	Capa preta para linha Galaxy S com alça ajustável — dá pra pendurar no pescoço e liberar as mãos.	https://www.lojaachadinhosbrasil.com.br/produto.html?id=p303	https://empreender.nyc3.digitaloceanspaces.com/dropi/fornecedor/produto-173749398567900de18e60d.jpg	in stock	72.90 BRL	new	Achadinhos Brasil	no	Eletrônicos
p304	Cera Matte Plus Efeito Seco Don Armany 70g	Cera modeladora matte de 70g com efeito seco: fixa sem deixar o cabelo oleoso ou pesado.	https://www.lojaachadinhosbrasil.com.br/produto.html?id=p304	https://empreender.nyc3.digitaloceanspaces.com/dropi/fornecedor/produto-177448261769c474b9455bb.jpg	in stock	39.90 BRL	new	Achadinhos Brasil	no	Saúde e Beleza
p305	Pomada Modeladora Masculina Efeito Seco Don Armany	Pomada modeladora masculina de efeito seco, fixação forte e acabamento sem brilho.	https://www.lojaachadinhosbrasil.com.br/produto.html?id=p305	https://empreender.nyc3.digitaloceanspaces.com/dropi/fornecedor/produto-177448340669c477cec6be5.jpg	in stock	47.90 BRL	new	Achadinhos Brasil	no	Saúde e Beleza
p306	Kit Matte Cabelo — Pasta 80g + Pó Modelador	Kit com pasta matte de 80g e pó modelador: volume na raiz e fixação matte no mesmo combo.	https://www.lojaachadinhosbrasil.com.br/produto.html?id=p306	https://empreender.nyc3.digitaloceanspaces.com/dropi/fornecedor/produto-17874332486a8a1120df18e.jpg	in stock	117.90 BRL	new	Achadinhos Brasil	no	Saúde e Beleza
p307	Kit Don Armany Cabelo, Barba e Corpo	Kit completo Don Armany com shampoo, produtos de barba e corpo — presente masculino que resolve tudo.	https://www.lojaachadinhosbrasil.com.br/produto.html?id=p307	https://empreender.nyc3.digitaloceanspaces.com/dropi/fornecedor/produto-17874349456a8a17c1b068a.jpg	in stock	162.90 BRL	new	Achadinhos Brasil	no	Saúde e Beleza
p308	Kit Barba Don Armany — Shampoo 200ml + Balm 110g	Kit de barba com shampoo de 200ml e balm de 110g: limpa, hidrata e dá forma.	https://www.lojaachadinhosbrasil.com.br/produto.html?id=p308	https://empreender.nyc3.digitaloceanspaces.com/dropi/fornecedor/produto-17874349526a8a17c8effae.jpg	in stock	151.90 BRL	new	Achadinhos Brasil	no	Saúde e Beleza
p309	Colar com Laço Banhado a Ouro 18K	Colar com pingente de laço banhado a ouro 18K — delicado, combina com look casual e social.	https://www.lojaachadinhosbrasil.com.br/produto.html?id=p309	https://empreender.nyc3.digitaloceanspaces.com/dropi/fornecedor/produto-176116264868f935982916d.png	in stock	89.90 BRL	new	Achadinhos Brasil	no	Joias e Acessórios
p310	Choker com Bolinha Banhado a Ouro 18K	Choker rente ao pescoço com detalhe de bolinha, banhado a ouro 18K.	https://www.lojaachadinhosbrasil.com.br/produto.html?id=p310	https://empreender.nyc3.digitaloceanspaces.com/dropi/fornecedor/produto-176116265868f935a27e33e.png	in stock	56.90 BRL	new	Achadinhos Brasil	no	Joias e Acessórios
p311	Conjunto Rabo de Rato — Colar e Pulseira Ouro 18K	Conjunto de colar e pulseira em corrente rabo de rato banhada a ouro 18K — peça de presente.	https://www.lojaachadinhosbrasil.com.br/produto.html?id=p311	https://empreender.nyc3.digitaloceanspaces.com/dropi/fornecedor/produto-176116266668f935aabcc88.png	in stock	282.90 BRL	new	Achadinhos Brasil	no	Joias e Acessórios
p312	Colar Menino Cravejado Banhado a Ouro 18K	Colar com pingente de menino cravejado, banhado a ouro 18K — o par do modelo menina.	https://www.lojaachadinhosbrasil.com.br/produto.html?id=p312	https://empreender.nyc3.digitaloceanspaces.com/dropi/fornecedor/produto-176116269268f935c4dc0b9.png	in stock	62.90 BRL	new	Achadinhos Brasil	no	Joias e Acessórios
p313	Dupla de Brincos Coração Paixão M/P Ouro 18K	Dupla de brincos de coração nos tamanhos M e P, banhados a ouro 18K — para usar juntos ou separados.	https://www.lojaachadinhosbrasil.com.br/produto.html?id=p313	https://empreender.nyc3.digitaloceanspaces.com/dropi/fornecedor/produto-1752068844686e72ec020e4.jpg	in stock	185.90 BRL	new	Achadinhos Brasil	no	Joias e Acessórios
p314	Trio de Brincos de Estrela Banhado a Ouro 18K	Trio de brincos de estrela em tamanhos diferentes, banhados a ouro 18K — ótimo para orelha com furos múltiplos.	https://www.lojaachadinhosbrasil.com.br/produto.html?id=p314	https://empreender.nyc3.digitaloceanspaces.com/dropi/fornecedor/produto-177335406169b33c4d73c3d.jpg	in stock	52.90 BRL	new	Achadinhos Brasil	no	Joias e Acessórios
p315	Brinco Folha com Cristal Banhado a Ouro 18K	Brinco em formato de folha com cristal central, banhado a ouro 18K.	https://www.lojaachadinhosbrasil.com.br/produto.html?id=p315	https://empreender.nyc3.digitaloceanspaces.com/dropi/fornecedor/produto-177335416369b33cb31a472.jpg	in stock	49.90 BRL	new	Achadinhos Brasil	no	Joias e Acessórios
p316	Carteira Feminina 2 Zíperes 20x10cm	Carteira feminina compacta de 20x10cm com dois zíperes — separa notas, moedas e cartões.	https://www.lojaachadinhosbrasil.com.br/produto.html?id=p316	https://empreender.nyc3.digitaloceanspaces.com/dropi/fornecedor/produto-1770324132698500a40f577.webp	in stock	26.90 BRL	new	Achadinhos Brasil	no	Joias e Acessórios
p317	Bolsa de Mão Peluciada 20x11cm	Bolsinha de mão peluciada de 20x11cm em cores sortidas, para o essencial do dia.	https://www.lojaachadinhosbrasil.com.br/produto.html?id=p317	https://empreender.nyc3.digitaloceanspaces.com/dropi/fornecedor/produto-1770149765698257854b99b.webp	in stock	22.90 BRL	new	Achadinhos Brasil	no	Joias e Acessórios
p318	Chapéu Belli Boiadeira	Chapéu modelo boiadeira Belli — peça em alta no country e nas festas de rodeio.	https://www.lojaachadinhosbrasil.com.br/produto.html?id=p318	https://empreender.nyc3.digitaloceanspaces.com/dropi/fornecedor/produto-1768909796696f6be4b2326.jpg	in stock	94.90 BRL	new	Achadinhos Brasil	no	Joias e Acessórios
p319	Chapéu Belli Marrom	Chapéu Belli na cor marrom, aba estruturada e acabamento firme.	https://www.lojaachadinhosbrasil.com.br/produto.html?id=p319	https://empreender.nyc3.digitaloceanspaces.com/dropi/fornecedor/produto-1748525484683861ac38cae.jpg	in stock	94.90 BRL	new	Achadinhos Brasil	no	Joias e Acessórios
p320	Mochila de Costas Homem-Aranha	Mochila escolar de costas licenciada do Homem-Aranha, com alças acolchoadas.	https://www.lojaachadinhosbrasil.com.br/produto.html?id=p320	https://empreender.nyc3.digitaloceanspaces.com/dropi/fornecedor/produto-17379390406796d860da775.jpg	in stock	117.90 BRL	new	Achadinhos Brasil	no	Infantil e Brinquedos
p321	Mochila de Rodinhas Barbie Sereia	Mochila escolar de rodinhas Barbie Sereia — puxa em vez de carregar, alivia as costas.	https://www.lojaachadinhosbrasil.com.br/produto.html?id=p321	https://empreender.nyc3.digitaloceanspaces.com/dropi/fornecedor/produto-175819639868cbf2ae7f014.jpg	in stock	137.90 BRL	new	Achadinhos Brasil	no	Infantil e Brinquedos
p322	Kit Escolar Barbie — Mochila de Rodinhas, Lancheira e Estojo	Kit escolar completo da Barbie: mochila de rodinhas, lancheira e estojo no mesmo tema.	https://www.lojaachadinhosbrasil.com.br/produto.html?id=p322	https://empreender.nyc3.digitaloceanspaces.com/dropi/fornecedor/produto-175865037568d2e007cda9d.jpg	in stock	284.90 BRL	new	Achadinhos Brasil	no	Infantil e Brinquedos
p323	Kit Escolar A Pequena Sereia — Mochila de Rodinhas, Lancheira e Estojo	Kit escolar A Pequena Sereia com mochila de rodinhas, lancheira e estojo combinando.	https://www.lojaachadinhosbrasil.com.br/produto.html?id=p323	https://empreender.nyc3.digitaloceanspaces.com/dropi/fornecedor/produto-175865044968d2e0511e2a5.jpg	in stock	284.90 BRL	new	Achadinhos Brasil	no	Infantil e Brinquedos
p324	Kit 5 Brinquedos Educativos em Madeira e EVA	Combo com cinco brinquedos pedagógicos em madeira e EVA — meio-termo entre o kit de 3 e o de 10.	https://www.lojaachadinhosbrasil.com.br/produto.html?id=p324	https://empreender.nyc3.digitaloceanspaces.com/dropi/fornecedor/produto-1770760830698baa7eb5975.jpg	in stock	166.90 BRL	new	Achadinhos Brasil	no	Infantil e Brinquedos
p325	Tabuleiro Numerais em Madeira e EVA — 10 Números	Tabuleiro com base e 10 números móveis em madeira e EVA, para aprender a contar brincando.	https://www.lojaachadinhosbrasil.com.br/produto.html?id=p325	https://empreender.nyc3.digitaloceanspaces.com/dropi/fornecedor/produto-1770760848698baa90e20d3.jpg	in stock	29.90 BRL	new	Achadinhos Brasil	no	Infantil e Brinquedos
p326	Tabuleiro Vogais em Madeira e EVA — 5 Letras	Tabuleiro com base e as 5 vogais em madeira e EVA — primeiro passo da alfabetização.	https://www.lojaachadinhosbrasil.com.br/produto.html?id=p326	https://empreender.nyc3.digitaloceanspaces.com/dropi/fornecedor/produto-1770760866698baaa20cc22.jpg	in stock	25.90 BRL	new	Achadinhos Brasil	no	Infantil e Brinquedos
p327	Torre de Londres — Jogo Educativo em Madeira	Jogo de planejamento e raciocínio em madeira, usado em avaliação cognitiva e ótimo como desafio.	https://www.lojaachadinhosbrasil.com.br/produto.html?id=p327	https://empreender.nyc3.digitaloceanspaces.com/dropi/fornecedor/produto-1770760886698baab682e4d.jpg	in stock	19.90 BRL	new	Achadinhos Brasil	no	Infantil e Brinquedos
p328	Coleira Pet Krypto com Capa e Pingente — G	Coleira do Krypto, o supercão, com capa removível e pingente de identificação. Tamanho G, licenciada e com acabamento reforçado.	https://www.lojaachadinhosbrasil.com.br/produto.html?id=p328	https://empreender.nyc3.digitaloceanspaces.com/dropi/fornecedor/produto-175942598068deb5bc50652.png	in stock	93.90 BRL	new	Achadinhos Brasil	no	Pet Shop
p329	Coleira Pet Scooby-Doo — M	Coleira licenciada do Scooby-Doo, tamanho M, com fecho resistente e regulagem. Para o cão que resolve todos os mistérios do quarteirão.	https://www.lojaachadinhosbrasil.com.br/produto.html?id=p329	https://empreender.nyc3.digitaloceanspaces.com/dropi/fornecedor/produto-17619769226905a25ae079a.png	in stock	114.90 BRL	new	Achadinhos Brasil	no	Pet Shop
p330	Coleira Pet Superman — M	Coleira licenciada do Superman, tamanho M, em material resistente com regulagem. O clássico que nunca sai de moda.	https://www.lojaachadinhosbrasil.com.br/produto.html?id=p330	https://empreender.nyc3.digitaloceanspaces.com/dropi/fornecedor/produto-175942616268deb67286423.jpg	in stock	114.90 BRL	new	Achadinhos Brasil	no	Pet Shop
p331	Bandana Pet The Flash — G	Bandana licenciada do The Flash, tamanho G. Vai por cima da coleira e deixa o passeio com cara de super-herói.	https://www.lojaachadinhosbrasil.com.br/produto.html?id=p331	https://empreender.nyc3.digitaloceanspaces.com/dropi/fornecedor/produto-17619768416905a209471e8.png	in stock	68.90 BRL	new	Achadinhos Brasil	no	Pet Shop
p332	Bandana Pet Hello Kitty Rosa	Bandana licenciada Hello Kitty na cor rosa, macia e fácil de prender na coleira. Sucesso garantido nas fotos.	https://www.lojaachadinhosbrasil.com.br/produto.html?id=p332	https://empreender.nyc3.digitaloceanspaces.com/dropi/fornecedor/produto-176698435469520aa23f75f.png	in stock	63.90 BRL	new	Achadinhos Brasil	no	Pet Shop
p333	Bandana Pet Hello Kitty Clássica — G	Bandana licenciada Hello Kitty no modelo clássico, tamanho G. Tecido leve, não incomoda no pescoço.	https://www.lojaachadinhosbrasil.com.br/produto.html?id=p333	https://empreender.nyc3.digitaloceanspaces.com/dropi/fornecedor/produto-176111335468f8750a2ffaa.png	in stock	63.90 BRL	new	Achadinhos Brasil	no	Pet Shop
p334	Peitoral com Guia para Gato Hello Kitty Black	Conjunto peitoral + guia licenciado Hello Kitty Black, feito para gatos: distribui a força no peito em vez do pescoço.	https://www.lojaachadinhosbrasil.com.br/produto.html?id=p334	https://empreender.nyc3.digitaloceanspaces.com/dropi/fornecedor/produto-176079899268f3a9103009b.jpg	in stock	247.90 BRL	new	Achadinhos Brasil	no	Pet Shop
p335	Coleira Pet Meninas Superpoderosas Rosa — M	Coleira licenciada das Meninas Superpoderosas em rosa, tamanho M, com fivela resistente e regulagem.	https://www.lojaachadinhosbrasil.com.br/produto.html?id=p335	https://empreender.nyc3.digitaloceanspaces.com/dropi/fornecedor/produto-175942599768deb5cd5f557.png	in stock	93.90 BRL	new	Achadinhos Brasil	no	Pet Shop
p336	Bandana Pet Meninas Superpoderosas — M	Bandana licenciada das Meninas Superpoderosas nas cores azul e verde, tamanho M. Prende na coleira em segundos.	https://www.lojaachadinhosbrasil.com.br/produto.html?id=p336	https://empreender.nyc3.digitaloceanspaces.com/dropi/fornecedor/produto-175942569168deb49b86ff4.jpg	in stock	68.90 BRL	new	Achadinhos Brasil	no	Pet Shop
p337	Comedouro e Bebedouro de Melamina Mulher Maravilha	Vasilha de melamina licenciada da Mulher Maravilha, serve como comedouro ou bebedouro. Material firme, fácil de lavar e não absorve cheiro.	https://www.lojaachadinhosbrasil.com.br/produto.html?id=p337	https://empreender.nyc3.digitaloceanspaces.com/dropi/fornecedor/produto-175942796668debd7ee20b4.jpg	in stock	125.90 BRL	new	Achadinhos Brasil	no	Pet Shop
p338	Saco de Dormir Pet Impermeável Téo	Saco de dormir pet com forro impermeável: o bicho entra, se enrola e dorme aquecido. Lavável e com secagem rápida.	https://www.lojaachadinhosbrasil.com.br/produto.html?id=p338	https://empreender.nyc3.digitaloceanspaces.com/dropi/fornecedor/produto-177738483669f0bd847d10e.jpg	in stock	66.90 BRL	new	Achadinhos Brasil	no	Pet Shop
p339	Tapete Pet Soft Médio	Tapete pet soft tamanho médio, macio dos dois lados, para usar no chão, no sofá ou dentro da caixa de transporte.	https://www.lojaachadinhosbrasil.com.br/produto.html?id=p339	https://empreender.nyc3.digitaloceanspaces.com/dropi/fornecedor/produto-177738517569f0bed7573d6.jpg	in stock	49.90 BRL	new	Achadinhos Brasil	no	Pet Shop
p340	Tapete Pet Impermeável Sasha	Tapete pet com base impermeável que segura líquido e não passa para o piso ou o estofado. Fácil de lavar na máquina.	https://www.lojaachadinhosbrasil.com.br/produto.html?id=p340	https://empreender.nyc3.digitaloceanspaces.com/dropi/fornecedor/produto-177738539169f0bfaf3f2f5.jpg	in stock	49.90 BRL	new	Achadinhos Brasil	no	Pet Shop
p341	Colchonete Arranhador para Gatos Zoe	Colchonete arranhador para gatos: serve de cama e de lugar certo para afiar as unhas, poupando o sofá.	https://www.lojaachadinhosbrasil.com.br/produto.html?id=p341	https://empreender.nyc3.digitaloceanspaces.com/dropi/fornecedor/produto-177738450569f0bc3961ea3.jpg	in stock	56.90 BRL	new	Achadinhos Brasil	no	Pet Shop
p342	Protetor de Banco Toddy Impermeável Grande	Protetor de banco de carro impermeável tamanho grande. Segura pelo, água e lama, e sai fácil para lavar.	https://www.lojaachadinhosbrasil.com.br/produto.html?id=p342	https://empreender.nyc3.digitaloceanspaces.com/dropi/fornecedor/produto-177738501869f0be3a62db4.jpg	in stock	86.90 BRL	new	Achadinhos Brasil	no	Pet Shop
p343	Kit Protetor de Bancos de Carro Impermeável Plus	Kit completo de proteção impermeável para os bancos do carro. Solução de uma vez só para quem leva o pet junto sempre.	https://www.lojaachadinhosbrasil.com.br/produto.html?id=p343	https://empreender.nyc3.digitaloceanspaces.com/dropi/fornecedor/produto-177738474269f0bd26f206f.jpg	in stock	176.90 BRL	new	Achadinhos Brasil	no	Pet Shop
p344	Kit Protetor de Banco Toddy + Colchonete Grande	Kit com protetor de banco impermeável e colchonete grande: o pet viaja confortável e o estofado fica intacto.	https://www.lojaachadinhosbrasil.com.br/produto.html?id=p344	https://empreender.nyc3.digitaloceanspaces.com/dropi/fornecedor/produto-177738466169f0bcd531d18.jpg	in stock	127.90 BRL	new	Achadinhos Brasil	no	Pet Shop
p345	Protetor de Porta-Malas Simba Impermeável Grande	Protetor de porta-malas impermeável tamanho grande, ideal para cães maiores viajarem atrás sem sujar o carpete.	https://www.lojaachadinhosbrasil.com.br/produto.html?id=p345	https://empreender.nyc3.digitaloceanspaces.com/dropi/fornecedor/produto-177738529469f0bf4e71fb8.jpg	in stock	86.90 BRL	new	Achadinhos Brasil	no	Pet Shop
p346	Peseira Pet Impermeável para Cama Solteiro	Peseira impermeável para cama de solteiro: o pet dorme no pé da cama e a roupa de cama continua limpa.	https://www.lojaachadinhosbrasil.com.br/produto.html?id=p346	https://empreender.nyc3.digitaloceanspaces.com/dropi/fornecedor/produto-177738486269f0bd9ea3a70.jpg	in stock	76.90 BRL	new	Achadinhos Brasil	no	Pet Shop
p347	Kit Transporte Bolsa + Colchonete Impermeável	Kit de transporte com bolsa e colchonete impermeável, 2 em 1: leva o pet e vira caminha na chegada.	https://www.lojaachadinhosbrasil.com.br/produto.html?id=p347	https://empreender.nyc3.digitaloceanspaces.com/dropi/fornecedor/produto-177738489769f0bdc1428df.jpg	in stock	156.90 BRL	new	Achadinhos Brasil	no	Pet Shop
p348	Cortina Blackout Cortaluz 2 Metros	Cortina blackout de 2 metros em poliéster: corta a luz de fora e ajuda a segurar a temperatura do cômodo. Um dos itens mais bem avaliados do fornecedor.	https://www.lojaachadinhosbrasil.com.br/produto.html?id=p348	https://empreender.nyc3.digitaloceanspaces.com/dropi/fornecedor/produto-171889336366743b332592e.jpg	in stock	148.90 BRL	new	Achadinhos Brasil	no	Casa e Decoração
p349	Kit Coberdrom Soft 05 Peças Queen	Kit completo de cama Queen com 5 peças em tecido soft: coberdrom, lençol e fronhas. Nota máxima entre os clientes do fornecedor.	https://www.lojaachadinhosbrasil.com.br/produto.html?id=p349	https://empreender.nyc3.digitaloceanspaces.com/dropi/fornecedor/produto-174480995967ffafe7c2d3b.png	in stock	310.90 BRL	new	Achadinhos Brasil	no	Casa e Decoração
p350	Adesivos Antirrugas para o Rosto — 16 Peças	Cartela com 16 adesivos de silicone para aplicar à noite nas linhas de expressão. Campeão de avaliações na categoria de beleza.	https://www.lojaachadinhosbrasil.com.br/produto.html?id=p350	https://empreender.nyc3.digitaloceanspaces.com/dropi/fornecedor/produto-1770526661698817c5bcca0.webp	in stock	39.90 BRL	new	Achadinhos Brasil	no	Saúde e Beleza
p351	Adesivos Antirrugas para o Rosto — 9 Peças	Cartela com 9 adesivos antirrugas reutilizáveis, formatos variados para testa, olhos e boca. Lavável e reaproveitável.	https://www.lojaachadinhosbrasil.com.br/produto.html?id=p351	https://empreender.nyc3.digitaloceanspaces.com/dropi/fornecedor/produto-17327269396747509bb6704.jpg	in stock	65.90 BRL	new	Achadinhos Brasil	no	Saúde e Beleza
p352	Kit Truss Nutri Infusion — Shampoo e Condicionador 300ml	Kit profissional Truss Nutri Infusion com shampoo e condicionador de 300ml. Linha de nutrição para cabelos ressecados e quimicamente tratados.	https://www.lojaachadinhosbrasil.com.br/produto.html?id=p352	https://empreender.nyc3.digitaloceanspaces.com/dropi/fornecedor/produto-17526735946877ad3a7c44d.webp	in stock	240.90 BRL	new	Achadinhos Brasil	no	Saúde e Beleza
p353	Truss Shampoo Nutri Infusion 300ml	Shampoo profissional Truss Nutri Infusion 300ml, para quem quer entrar na linha sem levar o kit inteiro.	https://www.lojaachadinhosbrasil.com.br/produto.html?id=p353	https://empreender.nyc3.digitaloceanspaces.com/dropi/fornecedor/produto-17526737766877adf08e86c.webp	in stock	117.90 BRL	new	Achadinhos Brasil	no	Saúde e Beleza
p354	Tigela para Pet 26cm	Tigela de 26cm em cores sortidas, serve para ração ou água. Leve, fácil de lavar e um dos itens mais vendidos do fornecedor.	https://www.lojaachadinhosbrasil.com.br/produto.html?id=p354	https://empreender.nyc3.digitaloceanspaces.com/dropi/fornecedor/produto-177262453869a81a9a41b9b.webp	in stock	8.90 BRL	new	Achadinhos Brasil	no	Pet Shop
p355	Tampa Rolha a Vácuo para Vinho e Champanhe	Rolha com sistema de vácuo que veda a garrafa aberta e segura o gás do espumante por vários dias.	https://www.lojaachadinhosbrasil.com.br/produto.html?id=p355	https://empreender.nyc3.digitaloceanspaces.com/dropi/fornecedor/produto-172377459266beb680342e0.jpg	in stock	39.90 BRL	new	Achadinhos Brasil	no	Utensílios
p356	Película 3D de Vidro com Borda Preta para Apple Watch 49mm	Película 3D de vidro temperado com borda preta para Apple Watch de 49mm. Cobre a tela inteira e disfarça as bordas.	https://www.lojaachadinhosbrasil.com.br/produto.html?id=p356	https://empreender.nyc3.digitaloceanspaces.com/dropi/fornecedor/produto-1737494714679010ba7e640.jpg	in stock	28.90 BRL	new	Achadinhos Brasil	no	Eletrônicos
